1,Otros materiales de construccion (Acabados),257,7
2,Puerta,1241,21
3,Piso,170,9
4,"Alambre de Amarre, Cal.26 BWG",1787,21
5,Cafeteria y Despensa,220,5
6,Implementos y Productos de Limpieza,1249,19
7,Impresion y Reproduccion de Planos,984,21
8,Papeleria y utiles,833,8
9,Cal Hidratada,457,15
10,Cemento Portland,1604,12
11,Arena,180,7
12,Otros agregados,1380,1
13,Piedrin,788,5
14,Alquiler de amoladora pequeña,1066,1
15,Alquiler de andamios,546,1
16,Alquiler de bomba de agua,1121,3
17,Alquiler de baño portatil,1497,5
18,Alquiler de Barreno,562,15
19,Alquiler de concretera,1199,15
20,Alquiler de cortadora para concreto,607,5
21,Arrendamiento de Equipo de Computacion y Comunicacion,1574,3
22,Arrendamiento de Equipo de Oficina,1147,4
23,Alquiler de Formaleta,1054,16
24,Arrendamiento de Inmuebles,987,4
25,Alquiler de minicargador,993,18
26,Otros Arrendamientos (costo),750,8
27,Alquiler de puntales metalicos,813,8
28,Alquiler de rodo tripulado,483,5
29,Alquiler de retroexcavadora,194,20
30,Alquiler de Vibrocompactador,374,11
31,Alquiler de vibrador electrico,330,13
32,Alquiler de vibrador de gasolina,1003,14
33,Arrendamiento de Vehiculos,1534,17
34,Accesorios de Baños,1569,9
35,Bañera,1139,19
36,Inodoro,1684,19
37,Lavamanos,853,20
38,Lavaplatos,1533,10
39,Block 25Kg,522,18
40,Block 35 Kg,690,9
41,Block 50Kg,735,17
42,Diesel - Maquinaria y Equipo,1633,1
43,Diesel - Admistrativo,855,11
44,Gasolina Regular - Maquinaria y Equipo,786,21
45,Gasolina Regular - Administrativo,543,20
46,Gasolina Super - Maquinaria y Equipo,1125,13
47,Gasolina Super - Administrativo,815,10
48,Concreto de Bajo Asentamiento,202,12
49,Bombeo de Concreto,1061,16
50,Concreto Convencional,619,20
51,Otros materiales electricos,751,1
52,Griferia de Ducha,1120,15
53,Hierro Grado 40L,1089,19
54,Hierro Grado 60L,1257,1
55,Hierro Liso,1691,6
56,Honorarios de Abogacia y Notariado,1687,21
57,Honorarios por servicios administrativos,1371,4
58,Honorarios de Auditoria,929,11
59,Honorarios de Arquitectura,479,12
60,Honorarios de Auxiliatura,1344,2
61,Honorarios de Calculo Estructural,1791,9
62,Honorarios de Gerencia,1453,6
63,Otros Honorarios Profesionales,1164,20
64,Honorarios de Planificacion,1710,10
65,Honorarios de Superintendencia,777,8
66,"Paral 3""x3""",377,12
67,"Paral 3""x4""",1736,3
68,"Paral 4""x4""",1737,8
69,"Tabla 1"" x 12""",605,9
70,"Tablon 2"" x 12""",621,14
71,"Tabloncillo 1 1/2"" x 12""",1476,5
72,Otros materiales de construccion (Obra Gris),433,2
73,Bolsa de Concreto,1242,6
74,Bolsa para Levantado,567,19
75,Bolsa de Mezclon,1316,10
76,Bolsa de Repello,610,21
77,Mantenimiento de Equipo de Computacion y Comunicacion,1032,18
78,Mantenimiento de Equipo de Oficina,576,20
79,Mantenimiento de Inmuebles,1402,5
80,Mantenimiento de Maquinaria y Equipo,814,5
81,Mantenimiento de Vehiculos,1149,12
82,MO: Albañileria (acabados),1533,5
83,MO:Instalaciones Electricas,639,15
84,Mano Obra: Instalacion de Puertas,240,20
85,Mano Obra: Instalacion de Pisos,805,17
86,Flete,619,11
87,Medicina,806,1
88,Peaje,1746,5
89,Tickets de Parqueo,1327,10
90,Codo PVC 45° APyR D2466,169,18
91,Codo PVC 90° APyR D2466,1251,5
92,Codo PVC45° DWV (Drenaje),395,20
93,Codo PVC90° DWV (Drenaje),1635,9
94,Conector Conduit PVC Ducto electrico,621,9
95,PVC-DE-CRVA,967,13
96,Union PVC Ducto electrico,1067,16
97,Pegamento para PVC,1088,6
98,Pegamento CPVC,678,7
99,Tubo PVC APyR J/C D2241,734,21
100,Otros productos quimicos,216,15
101,Subcontrato de herreria,734,15
102,SC: Instalaciones Electricas,804,19
103,Subcontrato de instalaciones especiales,451,17
104,Subcontrato de movimiento de tierras,1062,18
105,Otros subcontratos,1435,8
106,Subcontrato de ventaneria,322,15
107,Casco,212,19
108,Lentes,431,6
109,Otros productos de seguridad ocupacional,759,9
110,Playera,1702,21
111,Servicio de Agua (solo EMPAGUA!),227,13
112,Servicio de Energia Electrica (solo EEGSA),855,3
113,Servicio de Internet,711,7
114,Servicios de atencion medica,557,20
115,Otros Servicios de infraestructura (no honorarios),1025,12
116,Servicio de Seguridad,622,21
117,Servicio de telefonia fija,721,3
118,Servicio de Telefonia Movil y Radios,1768,11
119,Cedazo,750,17
120,Lija,877,18
121,Otros materiales varios,860,6
122,Tornillos y Pernos,606,3
123,Waype,604,7
124,Viaticos - Alimentos,1098,9
125,Viaticos - Hospedaje,805,15
126,Viaticos - Otros Gastos,1701,18
127,Pasaje Aereo,1690,18
128,Pasaje Terrestre,1301,17
129,Viaticos - Transporte,821,11
130,"Servicios Profesionales de Arquitectura, Diseño y Planos",1178,18
131,Servicios Profesionales de Calculo Estructural,776,1
132,Servicios Profesionales de Ingenieria Civil,1417,6
133,,1491,11
134,Otros materiales de construccion (Acabados),1135,16
135,Puerta,1481,12
136,Piso,261,20
137,"Alambre de Amarre, Cal.26 BWG",822,18
138,Cafeteria y Despensa,1784,19
139,Implementos y Productos de Limpieza,1561,18
140,Impresion y Reproduccion de Planos,1201,11
141,Papeleria y utiles,774,9
142,Cal Hidratada,1539,21
143,Cemento Portland,511,19
144,Arena,529,7
145,Otros agregados,1425,13
146,Piedrin,1048,11
147,Alquiler de amoladora pequeña,359,16
148,Alquiler de andamios,1192,1
149,Alquiler de bomba de agua,1550,8
150,Alquiler de baño portatil,1067,19
151,Alquiler de Barreno,1500,18
152,Alquiler de concretera,664,19
153,Alquiler de cortadora para concreto,597,11
154,Arrendamiento de Equipo de Computacion y Comunicacion,1399,1
155,Arrendamiento de Equipo de Oficina,913,6
156,Alquiler de Formaleta,1581,18
157,Arrendamiento de Inmuebles,317,9
158,Alquiler de minicargador,1008,20
159,Otros Arrendamientos (costo),839,3
160,Alquiler de puntales metalicos,319,18
161,Alquiler de rodo tripulado,591,17
162,Alquiler de retroexcavadora,577,5
163,Alquiler de Vibrocompactador,415,10
164,Alquiler de vibrador electrico,1383,4
165,Alquiler de vibrador de gasolina,1115,21
166,Arrendamiento de Vehiculos,1295,2
167,Accesorios de Baños,470,1
168,Bañera,1749,13
169,Inodoro,1687,2
170,Lavamanos,1353,6
171,Lavaplatos,1790,9
172,Block 25Kg,671,3
173,Block 35 Kg,587,15
174,Block 50Kg,514,11
175,Diesel - Maquinaria y Equipo,991,14
176,Diesel - Admistrativo,292,21
177,Gasolina Regular - Maquinaria y Equipo,1662,2
178,Gasolina Regular - Administrativo,1206,6
179,Gasolina Super - Maquinaria y Equipo,1040,14
180,Gasolina Super - Administrativo,1642,11
181,Concreto de Bajo Asentamiento,1424,5
182,Bombeo de Concreto,1638,2
183,Concreto Convencional,430,11
184,Otros materiales electricos,1507,17
185,Griferia de Ducha,1237,8
186,Hierro Grado 40L,544,14
187,Hierro Grado 60L,375,18
188,Hierro Liso,515,8
189,Honorarios de Abogacia y Notariado,605,8
190,Honorarios por servicios administrativos,1456,20
191,Honorarios de Auditoria,359,18
192,Honorarios de Arquitectura,739,6
193,Honorarios de Auxiliatura,327,15
194,Honorarios de Calculo Estructural,1178,15
195,Honorarios de Gerencia,1725,1
196,Otros Honorarios Profesionales,1291,9
197,Honorarios de Planificacion,368,12
198,Honorarios de Superintendencia,515,11
199,"Paral 3""x3""",1579,10
200,"Paral 3""x4""",1644,12
201,"Paral 4""x4""",344,11
202,"Tabla 1"" x 12""",400,14
203,"Tablon 2"" x 12""",371,19
204,"Tabloncillo 1 1/2"" x 12""",498,4
205,Otros materiales de construccion (Obra Gris),1046,9
206,Bolsa de Concreto,1545,16
207,Bolsa para Levantado,831,21
208,Bolsa de Mezclon,782,19
209,Bolsa de Repello,1232,19
210,Mantenimiento de Equipo de Computacion y Comunicacion,1572,17
211,Mantenimiento de Equipo de Oficina,1107,12
212,Mantenimiento de Inmuebles,1418,12
213,Mantenimiento de Maquinaria y Equipo,1501,2
214,Mantenimiento de Vehiculos,267,12
215,MO: Albañileria (acabados),1288,19
216,MO:Instalaciones Electricas,1628,10
217,Mano Obra: Instalacion de Puertas,352,4
218,Mano Obra: Instalacion de Pisos,1145,1
219,Flete,863,1
220,Medicina,710,3
221,Peaje,244,12
222,Tickets de Parqueo,652,3
223,Codo PVC 45° APyR D2466,1286,4
224,Codo PVC 90° APyR D2466,1501,3
225,Codo PVC45° DWV (Drenaje),1651,1
226,Codo PVC90° DWV (Drenaje),704,14
227,Conector Conduit PVC Ducto electrico,406,7
228,PVC-DE-CRVA,600,6
229,Tubo PVC Ducto electrico,1277,16
230,Union PVC Ducto electrico,1243,12
231,Pegamento para PVC,1152,12
232,Pegamento CPVC,1693,11
233,Tubo PVC APyR J/C D2241,1287,20
234,Otros productos quimicos,1178,7
235,Subcontrato de herreria,665,19
236,SC: Instalaciones Electricas,209,1
237,Subcontrato de instalaciones especiales,1104,3
238,Subcontrato de movimiento de tierras,405,7
239,Otros subcontratos,711,12
240,Subcontrato de ventaneria,569,3
241,Casco,577,15
242,Lentes,603,5
243,Otros productos de seguridad ocupacional,721,8
244,Playera,1494,12
245,Servicio de Agua (solo EMPAGUA!),453,21
246,Servicio de Energia Electrica (solo EEGSA),308,5
247,Servicio de Internet,1624,3
248,Servicios de atencion medica,380,8
249,Otros Servicios de infraestructura (no honorarios),377,10
250,Servicio de Seguridad,1543,4
251,Servicio de telefonia fija,1779,1
252,Servicio de Telefonia Movil y Radios,301,10
253,Cedazo,210,20
254,Lija,161,3
255,Otros materiales varios,960,11
256,Tornillos y Pernos,230,17
257,Waype,1523,15
258,Viaticos - Alimentos,1604,18
259,Viaticos - Hospedaje,171,17
260,Viaticos - Otros Gastos,1271,9
261,Pasaje Aereo,1303,3
262,Pasaje Terrestre,1728,1
263,Viaticos - Transporte,519,4
264,"Servicios Profesionales de Arquitectura, Diseño y Planos",1146,21
265,Servicios Profesionales de Calculo Estructural,692,5
266,Servicios Profesionales de Ingenieria Civil,854,8
267,,1297,3
268,Otros materiales de construccion (Acabados),833,3
269,Puerta,322,9
270,Piso,1279,11
271,"Alambre de Amarre, Cal.26 BWG",1587,12
272,Electromalla,1396,18
273,Clavo para Lamina,432,6
274,Clavo para madera,1750,13
275,Cafeteria y Despensa,1492,6
276,Capacitacion y Entrenamiento al Personal,1021,5
277,Fianza,1484,9
278,Implementos y Productos de Limpieza e Higiene,628,19
279,Impresion y Reproduccion de Planos,1333,17
280,Otros gastos administrativos,227,6
281,Publicidad y Propaganda,1488,21
282,Papeleria y utiles,589,15
283,Seguro,1773,8
284,Activo Fijo: Equipo de Oficina,612,3
285,Activo Fijo: Equipo de Computacion,1777,11
286,Activo Fijo: Equipo de Construccion,1493,14
287,Activo Fijo: Inmueble,1540,14
288,Activo Fijo: Mobiliario,1126,18
289,Activo Fijo: Maquinaria,403,20
290,Activo Fijo: Otros,389,17
291,Activo Fijo: Software,1039,10
292,Activo Fijo: Terreno,1159,21
293,Activo Fijo: Vehiculos,1492,16
294,Cal Hidratada,305,9
295,Cemento Portland,216,3
296,Arena,570,9
297,Otros agregados,800,13
298,Piedrin,1598,7
299,Alquiler de amoladora pequeña,333,4
300,Alquiler de andamios,863,11
301,Alquiler de bomba de agua,1649,15
302,Alquiler de baño portatil,553,20
303,Alquiler de Barreno,1619,15
304,Alquiler de concretera,1431,14
305,Alquiler de cortadora para concreto,184,9
306,Arrendamiento de Equipo de Computacion y Comunicacion,1013,21
307,Arrendamiento de Equipo de Oficina,1144,20
308,Alquiler de Formaleta,1760,20
309,Arrendamiento de Inmuebles,1008,2
310,Alquiler de minicargador,933,12
311,Otros Arrendamientos (costo),945,16
312,Alquiler de puntales metalicos,321,13
313,Alquiler de rodo tripulado,543,1
314,Alquiler de retroexcavadora,874,18
315,Alquiler de Vibrocompactador,1204,4
316,Alquiler de vibrador electrico,1600,17
317,Alquiler de vibrador de gasolina,1420,2
318,Arrendamiento de Vehiculos,231,7
319,Accesorios de Baños,1022,14
320,Accesorios de Cocina,958,3
321,Bidet,1215,19
322,Bañera,394,18
323,Inodoro,1189,21
324,Lavamanos,725,6
325,Lavaplatos,661,12
326,Block 25Kg,335,8
327,Block 35 Kg,725,17
328,Block 50Kg,1721,4
329,Block 70kg,1110,14
330,Bolsa de Sika Grout,1130,4
331,Broca,642,10
332,Barreno,723,14
333,Abrazadera para Cielo,372,19
334,Botas de Punta de Acero,1365,10
335,Cable Triplex,175,19
336,Cable XHHW,1525,16
337,Codo HG,644,16
338,Cedazo de Gallinero,624,17
339,Chapeta,1766,13
340,Caja Cuadrada,546,12
341,Cable THHN,1574,3
342,Diesel - Maquinaria y Equipo,796,4
343,Diesel - Admnistrativo,1351,7
344,Gasolina Regular - Maquinaria y Equipo,1260,15
345,Gasolina Regular - Administrativo,670,1
346,Gasolina Super - Maquinaria y Equipo,368,11
347,Gasolina Super - Administrativo,1014,15
348,Calentador Titan,1598,15
349,Caiman,1470,16
350,Cono Reflexivo,1332,6
351,Conector BX LT,524,5
352,Candado Yale,529,20
353,Cinta de Ductape,1414,18
354,Cinta de Precaucion Amarilla,803,7
355,Cinta de Teflon,1790,12
356,Conector PVC,1048,5
357,Contrallave a la Pared,1138,12
358,Concreto de Bajo Asentamiento,532,20
359,Despacho de concreto con bomba (BLOQUEADO),1681,17
360,Colocacion de Concreto con Bomba (m3),1640,4
361,Colocacion de Concreto (m2),682,5
362,Colocacion de Concreto con Pluma (m3),1322,16
363,Concreto Convencional,362,20
364,Corte de Concreto,1664,16
365,Descuento Concreto,630,8
366,Laboratorio Resistencia a la compresion (ASTM C39),775,19
367,Capa Impermeable tipo Poncho,1624,10
368,Copla,745,4
369,Cepillo para Carpintero,1673,10
370,Acril Techo 5 Años,1228,19
371,Acetileno,558,12
372,Extractor de Olor,1270,8
373,Adoquin,864,9
374,Disco de Diamante,769,13
375,Descuento,1759,15
376,Desarmador de Carga Automatica 9 Puntas,431,17
377,Otros materiales electricos,1015,7
378,Flip-on,377,2
379,Flexometro Superlock,687,7
380,Formones,553,10
381,Grifo,688,2
382,Griferia de Bidet,1393,12
383,Griferia de Bañera,1763,9
384,Griferia de Cocina,1696,2
385,Griferia de Ducha,916,14
386,Griferia de Lavamanos,1148,8
387,Hierro Grado 40L,1694,11
388,Hierro Grado 60L,241,2
389,Hierro Liso,421,7
390,Honorarios de Abogacia y Notariado,156,21
391,Honorarios por servicios administrativos,738,8
392,Honorarios de Auditoria,1390,5
393,Honorarios de Arquitectura,316,4
394,Honorarios de Auxiliatura,982,17
395,Honorarios de Calculo Estructural,1110,6
396,Honorarios de Gerencia,1357,10
397,,247,16
398,Honorarios de Planificacion,1051,8
399,Honorarios de Superintendencia,1250,19
400,Honorarios de Supervision de Especialistas,1202,10
401,Almadana,1149,11
402,Azadon,1644,19
403,Barreta,164,13
404,Bascula,892,3
405,Cabo,1470,12
406,Cinta Metrica,680,19
407,Carretilla de Mano,481,8
408,Grifa,187,7
409,Metro,888,11
410,Nivel de Burbuja,226,7
411,Otras herramientas de mano,1653,6
412,Piocha,1178,6
413,Pala,823,21
414,Juego de Brocas,225,21
415,Juego para instalar Cerraduras 5 piezas,1589,9
416,Electrodo,1199,11
417,Lamina Galvanizada,1391,19
418,Lamina Negra,640,11
419,"Paral 3""x3""",1788,10
420,"Paral 3""x4""",1045,21
421,"Paral 4""x4""",1227,15
422,"Regla de 2"" x 3""",1085,20
423,"Tabla 1"" x 12""",771,10
424,"Tablon 2"" x 12""",1182,10
425,"Tabloncillo 1 1/2"" x 12""",156,11
426,Otros materiales de construccion (Obra Gris),1242,14
427,Bolsa de Concreto,1583,7
428,Bolsa para Levantado,430,2
429,Bolsa de Mezclon,1569,10
430,Bolsa de Repello,1541,7
431,Amoladora,985,10
432,Manguera de Abasto,1431,11
433,Manometro de Cliserina,1101,4
434,Mantenimiento de Equipo de Computacion y Comunicacion,1719,10
435,Mantenimiento de Equipo de Oficina,321,12
436,Mantenimiento de Inmuebles,247,15
437,Mantenimiento de Maquinaria y Equipo,1650,7
438,Mantenimiento de Software,1179,4
439,Mantenimiento de Vehiculos,1079,17
440,MO: Albañileria (acabados),271,12
441,MO:Instalaciones Electricas,793,1
442,Mano de Obra otros,1013,21
443,Mano de obra plomeria,449,8
444,Mano Obra: Instalacion de Puertas,1334,13
445,Mano Obra: Instalacion de Pisos,1399,4
446,Martillo Pulido de uña curva,633,8
447,Mascarillas,213,6
448,Union Universal,464,9
449,Niple HG,845,16
450,Nivel Torpedo Magnetico,1598,7
451,Abastecimiento de Agua en Cisterna,584,17
452,Flete,1085,4
453,Medicina,1314,4
454,Peaje,692,3
455,Tickets de Parqueo,1231,14
456,Otros (Especificar cuenta contable),1590,2
457,Piedrin,542,21
458,Placa sencilla,680,10
459,Planchas,838,2
460,Plancha Tabla yeso,1557,2
461,Plancha Plywood Fenolico,1776,18
462,Pendulo,581,3
463,Puente para 3 modulos Matix,1702,7
464,Pintura,977,9
465,Pinza de Presion Tipo C,1387,21
466,Postes,571,11
467,Adaptador Hembra PVC APyR D2466,606,14
468,Adaptador Macho PVC APyR D2466,482,7
469,Adaptador Macho CPVC APyR D2846,1617,12
470,Codo PVC 45° APyR D2466,344,6
471,Codo CPVC 45° APyR D2846,1688,13
472,Codo PVC 90° APyR D2466,1552,6
473,Codo CPVC 90° APyR D2846,1634,9
474,Copla CPVC APyR D2846,531,2
475,Cruz PVC APyR D2466,698,18
476,Reduccion PVC APyR D2466,786,14
477,Reduccion CPVC APyR D2846,1129,19
478,Tee PVC APyR D2466,1352,18
479,Tee CPVC APyR D2846,1116,15
480,Tapon Hembra CPVC APyR D2846,866,11
481,Tapon Hembra PVC APyR D2466,1496,6
482,Tapon Macho PVC APyR D2466,1621,1
483,Union PVC APyR D2466,1784,20
484,Codo PVC45° DWV (Drenaje),962,17
485,Codo PVC90° DWV (Drenaje),931,20
486,Conector Conduit PVC Ducto electrico,1642,15
487,PVC-DE-CRVA,1083,8
488,Tubo PVC Ducto electrico,805,15
489,Union PVC Ducto electrico,1002,18
490,Sifon Terminal PVC DWV (Drenaje),1074,8
491,Yee PVC (Drenaje - pared delgada),1754,21
492,PVC (Tuberia y Accesorios en General),547,1
493,Pegamento para PVC,1720,20
494,Pegamento CPVC,1649,1
495,Tubo PVC APyR J/C D2241,636,15
496,Tubo CPVC SDR 11 D2846,1079,19
497,Otros productos quimicos / solventes,940,4
498,,1137,15
499,,718,7
500,Reducidor Bushing HG,703,7
501,Roldanas,553,6
502,Rollo de Geotextil,1661,2
503,Rotomarillo,1181,1
504,Escoba,653,21
505,Subcontrato de herreria,1576,1
506,SC: Instalaciones Electricas,1010,16
507,Subcontrato de instalaciones especiales,418,2
508,Subcontratos Instalaciones Hidraulicas,1383,21
509,Subcontrato de movimiento de tierras,1054,14
510,Otros subcontratos,592,8
511,Subcontrato de pintura,902,18
512,Subcontrato de ventaneria,1239,7
513,Escuadra,1667,5
514,Chalecos Reflectivos,937,5
515,Casco,866,11
516,Lentes,1139,14
517,Otros productos de seguridad ocupacional,615,20
518,Playera,341,18
519,Sika Dur Hi Mod Gel 31,1735,9
520,Sika Sur Hi Mod Primer 32,1068,21
521,Sika Top 144,895,19
522,Sikaflex 1A,586,20
523,Sikament 100,668,11
524,Selecto,888,18
525,Espiga,1425,13
526,Estapula Mecanica,1083,19
527,Sierra Circular,319,1
528,Sierra Ingleteadora,1669,8
529,Serrucho,653,20
530,Servicio de Agua,1034,16
531,Servicio de Energia Electrica,878,20
532,Servicio de Internet,1710,2
533,Servicios de atencion medica,1799,11
534,Otros Servicios de infraestructura (no honorarios),223,18
535,Servicio de Seguridad,1293,16
536,Servicio de telefonia fija,399,16
537,Servicio de Telefonia Movil y Radios,1647,1
538,Suscripciones y Cuotas,468,5
539,Switch 3 Way,1546,20
540,Tubo BX LT,504,8
541,Tubo de Concreto,760,1
542,Tubo Electrico PVC,322,1
543,Tubo Estructural Cuadrado,1205,2
544,Taco Plastico Anaranjado,1572,8
545,TEE HG,1209,9
546,Tomacorriente,466,8
547,Tonel,1633,18
548,Tiner,1525,7
549,Tope de Parqueo,1106,6
550,Tapadera Cuadrada,1026,14
551,Tapon Hembra,710,21
552,Tapon Macho HG,1142,4
553,Tarugo,1530,13
554,Atornillador de Tablaroca,225,12
555,Trapeador,183,9
556,Cubeta,1407,17
557,Cedazo,1407,6
558,Lija,1613,9
559,Manguera,1678,9
560,Nylon,340,10
561,Varios Materiales de Construccion,1590,18
562,Tornillos y Pernos Simples,459,10
563,Waype,1550,7
564,Viaticos - Alimentos,253,20
565,Viaticos - Hospedaje,1597,6
566,Viaticos - Otros Gastos,1640,6
567,Pasaje Aereo,1527,16
568,Pasaje Terrestre,1058,7
569,Viaticos - Transporte,602,9
570,Vuelta PVC,1472,1
571,Valvula de Compuerta Red&White,352,8
572,Valvula de Retencion,1522,17
573,Varilla Roscada 3/8 de 3 Metros Lineales,1325,12
574,"Servicios Profesionales de Arquitectura, Diseño y Planos",1110,14
575,Venta Arrendamiento de Inmuebles,1119,19
576,Servicios Profesionales de Calculo Estructural,1684,13
577,Servicios Profesionales de Ingenieria Civil,1370,5
578,Inmuebles para la Venta,723,3
579,Materiales de Construccion (Venta),536,11
580,Servicios Administrativos,1047,9
581,Oxigeno,1686,21
582,Extintores tipo ABC,1454,11
583,*medici*,271,13
584,Otros materiales de construccion (Acabados),1477,6
585,Puerta,825,13
586,Piso,995,2
587,"Alambre de Amarre, Cal.26 BWG",929,4
588,Electromalla,395,4
589,Clavo para Lamina,1528,3
590,Clavo para madera,471,6
591,Cafeteria y Despensa,1117,12
592,Capacitacion y Entrenamiento al Personal,1573,7
593,Fianza,1145,1
594,Implementos y Productos de Limpieza e Higiene,1521,5
595,Impresion y Reproduccion de Planos,1236,12
596,Otros gastos administrativos,1258,10
597,Publicidad y Propaganda,157,11
598,Papeleria y utiles,597,10
599,Seguro,816,18
600,Activo Fijo: Equipo de Oficina,1044,3
601,Activo Fijo: Equipo de Computacion,836,19
602,Activo Fijo: Equipo de Construccion,1561,10
603,Activo Fijo: Inmueble,1052,4
604,Activo Fijo: Mobiliario,221,17
605,Activo Fijo: Maquinaria,1359,9
606,Activo Fijo: Otros,1524,10
607,Activo Fijo: Software,1564,12
608,Activo Fijo: Terreno,994,19
609,Activo Fijo: Vehiculos,1308,10
610,Cal Hidratada,1450,5
611,Cemento Portland,1753,8
612,Arena,1612,17
613,Otros agregados,662,1
614,Piedrin,407,12
615,Alquiler de amoladora pequeña,1303,13
616,Alquiler de andamios,402,2
617,Alquiler de bomba de agua,307,11
618,Alquiler de baño portatil,1758,14
619,Alquiler de Barreno,1389,1
620,Alquiler de concretera,393,8
621,Alquiler de cortadora para concreto,612,1
622,Arrendamiento de Equipo de Computacion y Comunicacion,897,8
623,Arrendamiento de Equipo de Oficina,920,12
624,Alquiler de Formaleta,1705,21
625,Arrendamiento de Inmuebles,577,6
626,Alquiler de minicargador,867,5
627,Otros Arrendamientos (costo),711,9
628,Alquiler de puntales metalicos,193,15
629,Alquiler de rodo tripulado,1448,8
630,Alquiler de retroexcavadora,1715,12
631,Alquiler de Vibrocompactador,594,3
632,Alquiler de vibrador electrico,931,19
633,Alquiler de vibrador de gasolina,566,10
634,Arrendamiento de Vehiculos,1435,8
635,Accesorios de Baños,1292,16
636,Accesorios de Cocina,1760,3
637,Bidet,1784,21
638,Bañera,1524,11
639,Inodoro,821,7
640,Lavamanos,930,14
641,Lavaplatos,771,7
642,Block 25Kg,1054,16
643,Block 35 Kg,1335,11
644,Block 50Kg,1179,21
645,Block 70kg,348,16
646,Bolsa de Sika Grout,1756,10
647,Broca,448,11
648,Barreno,766,12
649,Abrazadera,687,10
650,Bushing Conduit,818,19
651,Botas de Punta de Acero,1086,19
652,Cable STJ,516,11
653,Cable Triplex,351,17
654,Cable XHHW,937,11
655,Accesorio de Entrada,1143,4
656,Codo HG,1414,15
657,Cedazo de Gallinero,796,14
658,Chapeta,888,2
659,Caja,1165,4
660,Caja Monofasica de 200 AMP,671,19
661,Cable THHN,507,2
662,Diesel - Maquinaria y Equipo,691,11
663,Diesel - Admnistrativo,1664,20
664,Gasolina Regular - Maquinaria y Equipo,1791,2
665,Gasolina Regular - Administrativo,357,19
666,Gasolina Super - Maquinaria y Equipo,1714,7
667,Gasolina Super - Administrativo,453,14
668,Calentador Titan,594,14
669,Caiman,1102,8
670,Cono Reflexivo,921,10
671,Candado Yale,975,16
672,Cinta de Ductape,617,4
673,Cinta de Precaucion Amarilla,203,8
674,Cinta Aislante,1523,5
675,Cinta de Teflon,895,1
676,Cinta Templex,445,15
677,Conector,1720,19
678,Contrallave a la Pared,222,2
679,Concreto de Bajo Asentamiento,636,21
680,Despacho de concreto con bomba (BLOQUEADO),1640,6
681,Colocacion de Concreto con Bomba (m3),315,2
682,Colocacion de Concreto (m2),655,2
683,Colocacion de Concreto con Pluma (m3),1714,13
684,Concreto Convencional,741,11
685,Corte de Concreto,216,16
686,Descuento Concreto,325,8
687,Laboratorio Resistencia a la compresion (ASTM C39),1754,1
688,Capa Impermeable tipo Poncho,1079,6
689,Copla,326,16
690,Cepillo para Carpintero,1746,14
691,Acril Techo 5 Años,200,21
692,Acetileno,328,13
693,Extractor de Olor,407,1
694,Adoquin,548,2
695,Disco de Diamante,180,5
696,Descuento,690,12
697,Desarmador de Carga Automatica 9 Puntas,658,8
698,Otros materiales electricos,1216,14
699,Flip-on,198,17
700,Flipon,355,18
701,Flexometro Superlock,1180,17
702,Formones,1100,5
703,Grifo,1435,15
704,Griferia de Bidet,1192,21
705,Griferia de Bañera,1467,2
706,Griferia de Cocina,1294,8
707,Griferia de Ducha,609,15
708,Griferia de Lavamanos,159,6
709,Hierro Grado 40L,1020,5
710,Hierro Grado 60L,1798,19
711,Hierro Liso,152,9
712,Honorarios de Abogacia y Notariado,1028,19
713,Honorarios por servicios administrativos,1679,8
714,Honorarios de Auditoria,1619,13
715,Honorarios de Arquitectura,1164,3
716,Honorarios de Auxiliatura,449,3
717,Honorarios de Calculo Estructural,649,9
718,Honorarios de Gerencia,1376,5
719,,1330,3
720,Honorarios de Planificacion,1252,7
721,Honorarios de Superintendencia,1078,16
722,Honorarios de Supervision de Especialistas,1010,4
723,Almadana,474,4
724,Azadon,384,19
725,Barreta,1283,14
726,Bascula,1686,10
727,Cabo,460,17
728,Cinta Metrica,275,11
729,Carretilla de Mano,1293,14
730,Grifa,337,12
731,Metro,1147,5
732,Nivel de Burbuja,897,6
733,Otras herramientas de mano,1019,20
734,Piocha,702,12
735,Pala,980,14
736,Juego de Brocas,1598,14
737,Juego para instalar Cerraduras 5 piezas,302,8
738,Electrodo,1570,7
739,Lamina Galvanizada,314,16
740,Lamina Negra,412,10
741,"Paral 3""x3""",1785,9
742,"Paral 3""x4""",1301,17
743,"Paral 4""x4""",1031,17
744,"Regla de 2"" x 3""",1343,13
745,"Tabla 1"" x 12""",1706,6
746,"Tablon 2"" x 12""",491,19
747,"Tabloncillo 1 1/2"" x 12""",1214,9
748,Otros materiales de construccion (Obra Gris),970,11
749,Bolsa de Concreto,867,11
750,Bolsa para Levantado,1748,1
751,Bolsa de Mezclon,410,18
752,Bolsa de Repello,291,12
753,Amoladora,748,17
754,Manguera de Abasto,190,1
755,Manometro de Cliserina,1520,14
756,Mantenimiento de Equipo de Computacion y Comunicacion,923,8
757,Mantenimiento de Equipo de Oficina,1520,14
758,Mantenimiento de Inmuebles,355,10
759,Mantenimiento de Maquinaria y Equipo,1745,20
760,Mantenimiento de Software,1246,21
761,Mantenimiento de Vehiculos,732,4
762,MO: Albañileria (acabados),209,7
763,MO:Instalaciones Electricas,366,1
764,Mano de Obra otros,1792,13
765,Mano de obra plomeria,1219,5
766,Mano Obra: Instalacion de Puertas,937,10
767,Mano Obra: Instalacion de Pisos,1604,9
768,Mordaza,1527,2
769,Martillo Pulido de uña curva,1354,2
770,Mascarillas,1242,1
771,Union Universal,428,11
772,Niple HG,1731,10
773,Nivel Torpedo Magnetico,707,4
774,Abastecimiento de Agua en Cisterna,404,7
775,Flete,256,8
776,Medicina,603,8
777,Peaje,160,11
778,Tickets de Parqueo,576,3
779,Otros (Especificar cuenta contable),1428,15
780,Piedrin,1037,6
781,Placa sencilla,1588,9
782,Planchas,859,3
783,Plancha Tabla yeso,1538,3
784,Plancha Plywood Fenolico,857,9
785,Pendulo,817,1
786,Puente para 3 modulos Matix,594,11
787,Pintura,731,10
788,Pinza de Presion Tipo C,325,12
789,Papel Higienico,673,14
790,Postes,917,3
791,Adaptador Hembra PVC APyR D2466,694,5
792,Adaptador Macho PVC APyR D2466,1063,4
793,Adaptador Macho CPVC APyR D2846,1273,1
794,Codo PVC 45° APyR D2466,770,2
795,Codo CPVC 45° APyR D2846,1705,9
796,Codo PVC 90° APyR D2466,830,13
797,Codo CPVC 90° APyR D2846,611,15
798,Copla CPVC APyR D2846,977,20
799,Cruz PVC APyR D2466,679,12
800,Reduccion PVC APyR D2466,695,16
801,Reduccion CPVC APyR D2846,737,21
802,Tee PVC APyR D2466,603,17
803,Tee CPVC APyR D2846,929,7
804,Tapon Hembra CPVC APyR D2846,888,17
805,Tapon Hembra PVC APyR D2466,510,15
806,Tapon Macho PVC APyR D2466,1132,17
807,Union PVC APyR D2466,693,3
808,Codo PVC45° DWV (Drenaje),1509,16
809,Codo PVC90° DWV (Drenaje),429,6
810,Conector Conduit PVC Ducto electrico,522,8
811,PVC-DE-CRVA,1534,18
812,Tubo PVC Ducto,299,1
813,Union PVC Ducto electrico,630,5
814,Sifon Terminal PVC DWV (Drenaje),1327,18
815,Yee PVC (Drenaje - pared delgada),1547,9
816,PVC (Tuberia y Accesorios en General),1693,5
817,Pegamento para PVC,1108,6
818,Pegamento CPVC,1024,2
819,Tubo PVC APyR J/C D2241,1210,12
820,Tubo CPVC SDR 11 D2846,249,20
821,Otros productos quimicos / solventes,361,13
822,,1304,17
823,,1232,3
824,Reducidor Bushing HG,856,11
825,Roldanas,298,6
826,Rollo de Geotextil,275,14
827,Rotomarillo,1189,16
828,Escoba,658,18
829,Subcontrato de herreria,954,13
830,SC: Instalaciones Electricas,326,3
831,Subcontrato de instalaciones especiales,292,21
832,Subcontratos Instalaciones Hidraulicas,1644,6
833,Subcontrato de movimiento de tierras,218,6
834,Otros subcontratos,1381,10
835,Subcontrato de pintura,1639,2
836,Subcontrato de ventaneria,1772,21
837,Escuadra,288,18
838,Chalecos Reflectivos,996,3
839,Casco,1494,8
840,Lentes,239,1
841,Otros productos de seguridad ocupacional,1047,8
842,Playera,705,5
843,Soft Gel,529,11
844,Sika Dur Hi Mod Gel 31,336,18
845,Sika Sur Hi Mod Primer 32,183,15
846,Sika Top 144,609,9
847,Sikaflex 1A,1775,2
848,Sikament 100,1231,12
849,Selecto,798,19
850,Espiga,1687,7
851,Estapula Mecanica,277,15
852,Sierra Circular,332,13
853,Sierra Ingleteadora,1330,14
854,Serrucho,1307,6
855,Servicio de Agua,892,3
856,Servicio de Energia Electrica,866,12
857,Servicio de Internet,1544,4
858,Servicios de atencion medica,993,11
859,Otros Servicios de infraestructura (no honorarios),938,5
860,Servicio de Seguridad,1277,12
861,Servicio de telefonia fija,1396,9
862,Servicio de Telefonia Movil y Radios,1273,14
863,Suscripciones y Cuotas,702,2
864,Switch 3 Way,1125,18
865,Tubo BX LT,160,20
866,Tubo de Concreto,594,21
867,Tubo EMT Galvanizado,317,12
868,Tubo Electrico PVC,883,18
869,Tubo Estructural Cuadrado,1085,4
870,Tablero General Electric,613,13
871,Taco Plastico Anaranjado,1702,4
872,TEE HG,571,5
873,Toalla Interfolada,1240,19
874,Tomacorriente,866,5
875,Agua pura,813,3
876,Tonel,849,9
877,Tiner,1420,11
878,Tapa,1787,13
879,Tope de Parqueo,1124,2
880,Tapadera Cuadrada,1119,18
881,Tapon Hembra,1530,9
882,Tapon Macho HG,673,2
883,Tarugo,1289,11
884,Atornillador de Tablaroca,679,18
885,Trapeador,458,11
886,Cubeta,1256,21
887,Cedazo,1500,3
888,Lija,392,4
889,Manguera,360,21
890,Nylon,960,2
891,Varios Materiales de Construccion,1427,16
892,Tornillos y Pernos Simples,1710,21
893,Waype,1060,9
894,Viaticos - Alimentos,452,2
895,Viaticos - Hospedaje,980,14
896,Viaticos - Otros Gastos,327,17
897,Pasaje Aereo,436,19
898,Pasaje Terrestre,1647,20
899,Viaticos - Transporte,1146,18
900,Vuelta PVC,1044,1
901,Valvula de Compuerta Red&White,891,6
902,Valvula de Retencion,512,6
903,Venta de Vehiculos,1424,3
904,Varilla Roscada 3/8 de 3 Metros Lineales,1555,6
905,Varilla de Cobre,691,8
906,"Servicios Profesionales de Arquitectura, Diseño y Planos",1709,9
907,Venta Arrendamiento de Inmuebles,789,13
908,Servicios Profesionales de Calculo Estructural,1184,9
909,Servicios Profesionales de Ingenieria Civil,1367,5
910,Inmuebles para la Venta,1719,5
911,Materiales de Construccion (Venta),363,1
912,Servicios Administrativos,1411,19
913,Oxigeno,438,8
914,Extintores tipo ABC,1429,5
915,*medici*,986,21
916,Otros materiales de construccion (Acabados),1500,19
917,Puerta,1749,20
918,Piso,176,21
919,"Alambre de Amarre, Cal.26 BWG",761,10
920,Electromalla,1553,4
921,Clavo para Lamina,969,11
922,Clavo para madera,507,1
923,Cafeteria y Despensa,1081,2
924,Capacitacion y Entrenamiento al Personal,941,2
925,Fianza,1322,20
926,Implementos y Productos de Limpieza e Higiene,372,15
927,Impresion y Reproduccion de Planos,1652,12
928,Otros gastos administrativos,531,11
929,Publicidad y Propaganda,1697,10
930,Papeleria y utiles,232,1
931,Seguro,337,6
932,Activo Fijo: Equipo de Oficina,1782,12
933,Activo Fijo: Equipo de Computacion,1293,2
934,Activo Fijo: Equipo de Construccion,1733,5
935,Activo Fijo: Inmueble,234,12
936,Activo Fijo: Mobiliario,845,19
937,Activo Fijo: Maquinaria,802,2
938,Activo Fijo: Otros,1035,12
939,Activo Fijo: Software,1766,7
940,Activo Fijo: Terreno,738,1
941,Activo Fijo: Vehiculos,380,11
942,Cal Hidratada,688,9
943,Cemento Portland,1244,7
944,Arena,1571,21
945,Otros agregados,1384,13
946,Piedrin,1144,14
947,Alquiler de amoladora pequeña,338,7
948,Alquiler de andamios,648,2
949,Alquiler de bomba de agua,217,11
950,Alquiler de baño portatil,1066,17
951,Alquiler de Barreno,951,14
952,Alquiler de concretera,1034,17
953,Alquiler de cortadora para concreto,1673,3
954,Arrendamiento de Equipo de Computacion y Comunicacion,385,10
955,Arrendamiento de Equipo de Oficina,786,11
956,Alquiler de Formaleta,1553,2
957,Arrendamiento de Inmuebles,649,21
958,Alquiler de minicargador,584,7
959,Otros Arrendamientos (costo),1046,17
960,Alquiler de puntales metalicos,1633,10
961,Alquiler de rodo tripulado,781,1
962,Alquiler de retroexcavadora,547,1
963,Alquiler de Vibrocompactador,1702,15
964,Alquiler de vibrador electrico,752,12
965,Alquiler de vibrador de gasolina,1480,1
966,Arrendamiento de Vehiculos,195,8
967,Accesorios de Baños,1024,2
968,Accesorios de Cocina,344,18
969,Bidet,1716,17
970,Bañera,1346,9
971,Inodoro,1790,21
972,Lavamanos,1202,8
973,Lavaplatos,911,13
974,Block 25Kg,1549,14
975,Block 35 Kg,842,5
976,Block 50Kg,844,10
977,Block 70kg,431,21
978,Bolsa de Sika Grout,1585,5
979,Broca,1146,5
980,Barreno,1062,2
981,Abrazadera,1350,10
982,Bushing Conduit,1282,19
983,Botas de Punta de Acero,452,18
984,Cable STJ,1021,14
985,Cable Triplex,1574,3
986,Cable XHHW,1310,2
987,Accesorio de Entrada,730,12
988,Codo HG,1579,3
989,Cedazo de Gallinero,627,4
990,Chapeta,1366,10
991,Caja,1187,13
992,Caja Monofasica de 200 AMP,963,13
993,Cable THHN,616,2
994,Diesel - Maquinaria y Equipo,1402,16
995,Diesel - Admnistrativo,1413,12
996,Gasolina Regular - Maquinaria y Equipo,1236,7
997,Gasolina Regular - Administrativo,1281,7
998,Gasolina Super - Maquinaria y Equipo,1606,8
999,Gasolina Super - Administrativo,1082,14
1000,Calentador Titan,1279,17
1001,Caiman,614,3
1002,Cono Reflexivo,929,14
1003,Candado Yale,235,15
1004,Cinta de Ductape,1421,4
1005,Cinta de Precaucion Amarilla,1698,10
1006,Cinta Aislante,861,14
1007,Cinta de Teflon,191,21
1008,Cinta Templex,381,11
1009,Conector,1724,15
1010,Contrallave a la Pared,368,10
1011,Concreto de Bajo Asentamiento,1539,4
1012,Despacho de concreto con bomba (BLOQUEADO),802,6
1013,Colocacion de Concreto con Bomba (m3),561,15
1014,Colocacion de Concreto (m2),221,7
1015,Colocacion de Concreto con Pluma (m3),975,3
1016,Concreto Convencional,1753,5
1017,Corte de Concreto,717,21
1018,Descuento Concreto,494,3
1019,Laboratorio Resistencia a la compresion (ASTM C39),161,4
1020,Capa Impermeable tipo Poncho,1067,19
1021,Copla,1078,21
1022,Cepillo para Carpintero,672,15
1023,Acril Techo 5 Años,1110,9
1024,Acetileno,1521,4
1025,Extractor de Olor,430,9
1026,Adoquin,734,19
1027,Disco de Diamante,832,21
1028,Descuento,604,19
1029,Desarmador de Carga Automatica 9 Puntas,1332,15
1030,Otros materiales electricos,875,15
1031,Flip-on,1690,11
1032,Flipon,1496,21
1033,Flexometro Superlock,181,21
1034,Formones,1577,6
1035,Grifo,819,5
1036,Griferia de Bidet,1636,16
1037,Griferia de Bañera,1202,17
1038,Griferia de Cocina,1507,11
1039,Griferia de Ducha,408,4
1040,Griferia de Lavamanos,1125,20
1041,Hierro Grado 40L,1232,1
1042,Hierro Grado 60L,1404,20
1043,Hierro Liso,487,17
1044,Honorarios de Abogacia y Notariado,503,5
1045,Honorarios por servicios administrativos,449,19
1046,Honorarios de Auditoria,1387,19
1047,Honorarios de Arquitectura,1497,19
1048,Honorarios de Auxiliatura,1276,1
1049,Honorarios de Calculo Estructural,942,18
1050,Honorarios de Gerencia,1540,19
1051,,1370,15
1052,Honorarios de Planificacion,583,10
1053,Honorarios de Superintendencia,172,9
1054,Honorarios de Supervision de Especialistas,1272,5
1055,Almadana,217,15
1056,Azadon,1762,7
1057,Barreta,181,10
1058,Bascula,797,5
1059,Cabo,1707,9
1060,Cinta Metrica,927,8
1061,Carretilla de Mano,224,9
1062,Grifa,950,15
1063,Metro,417,19
1064,Nivel de Burbuja,1554,20
1065,Otras herramientas de mano,1341,11
1066,Piocha,1485,8
1067,Pala,1742,21
1068,Juego de Brocas,1000,16
1069,Juego para instalar Cerraduras 5 piezas,1171,11
1070,Electrodo,723,4
1071,Lamina Galvanizada,1795,15
1072,Lamina Negra,481,19
1073,"Paral 3""x3""",1242,7
1074,"Paral 3""x4""",537,16
1075,"Paral 4""x4""",317,2
1076,"Regla de 2"" x 3""",1091,18
1077,"Tabla 1"" x 12""",985,3
1078,"Tablon 2"" x 12""",1353,11
1079,"Tabloncillo 1 1/2"" x 12""",247,20
1080,Otros materiales de construccion (Obra Gris),930,18
1081,Bolsa de Concreto,1139,5
1082,Bolsa para Levantado,578,4
1083,Bolsa de Mezclon,426,9
1084,Bolsa de Repello,1525,3
1085,Amoladora,1354,10
1086,Manguera de Abasto,801,20
1087,Manometro de Cliserina,701,4
1088,Mantenimiento de Equipo de Computacion y Comunicacion,626,14
1089,Mantenimiento de Equipo de Oficina,935,19
1090,Mantenimiento de Inmuebles,821,14
1091,Mantenimiento de Maquinaria y Equipo,923,14
1092,Mantenimiento de Software,1632,14
1093,Mantenimiento de Vehiculos,961,3
1094,MO: Albañileria (acabados),1112,15
1095,MO:Instalaciones Electricas,258,9
1096,Mano de Obra otros,175,8
1097,Mano de obra plomeria,1309,3
1098,Mano Obra: Instalacion de Puertas,1181,3
1099,Mano Obra: Instalacion de Pisos,752,14
1100,Mordaza,1677,12
1101,Martillo Pulido de uña curva,1035,1
1102,Mascarillas,220,20
1103,Union Universal,411,8
1104,Niple HG,1747,7
1105,Nivel Torpedo Magnetico,1666,19
1106,Abastecimiento de Agua en Cisterna,1059,12
1107,Flete,1631,7
1108,Medicina,940,13
1109,Peaje,743,9
1110,Tickets de Parqueo,858,1
1111,Otros (Especificar cuenta contable),1210,11
1112,Piedrin,1322,13
1113,Placa sencilla,1395,20
1114,Planchas,1116,5
1115,Plancha Tabla yeso,315,12
1116,Plancha Plywood Fenolico,1557,17
1117,Pendulo,203,5
1118,Puente para 3 modulos Matix,557,8
1119,Pintura,560,12
1120,Pinza de Presion Tipo C,1435,3
1121,Postes,603,19
1122,Adaptador Hembra PVC APyR D2466,204,15
1123,Adaptador Macho PVC APyR D2466,878,12
1124,Adaptador Macho CPVC APyR D2846,1679,16
1125,Codo PVC 45° APyR D2466,486,4
1126,Codo CPVC 45° APyR D2846,1708,12
1127,Codo PVC 90° APyR D2466,1599,12
1128,Codo CPVC 90° APyR D2846,1655,3
1129,Copla CPVC APyR D2846,651,3
1130,Cruz PVC APyR D2466,1290,16
1131,Reduccion PVC APyR D2466,385,14
1132,Reduccion CPVC APyR D2846,198,11
1133,Tee PVC APyR D2466,918,16
1134,Tee CPVC APyR D2846,1046,5
1135,Tapon Hembra CPVC APyR D2846,1462,19
1136,Tapon Hembra PVC APyR D2466,659,1
1137,Tapon Macho PVC APyR D2466,1500,3
1138,Union PVC APyR D2466,1363,9
1139,Codo PVC45° DWV (Drenaje),1665,18
1140,Codo PVC90° DWV (Drenaje),808,5
1141,Conector Conduit PVC Ducto electrico,1561,17
1142,PVC-DE-CRVA,244,16
1143,Tubo PVC Ducto,1699,7
1144,Union PVC Ducto electrico,1626,9
1145,Sifon Terminal PVC DWV (Drenaje),1668,20
1146,Yee PVC (Drenaje - pared delgada),1796,15
1147,PVC (Tuberia y Accesorios en General),782,20
1148,Pegamento para PVC,1643,8
1149,Pegamento CPVC,527,12
1150,Tubo PVC APyR J/C D2241,1739,9
1151,Tubo CPVC SDR 11 D2846,1673,6
1152,Otros productos quimicos / solventes,527,15
1153,,1093,12
1154,,546,17
1155,Reducidor Bushing HG,1364,16
1156,Roldanas,876,15
1157,Rollo de Geotextil,1658,10
1158,Rotomarillo,1600,14
1159,Escoba,653,20
1160,Subcontrato de herreria,1524,3
1161,SC: Instalaciones Electricas,612,17
1162,Subcontrato de instalaciones especiales,236,10
1163,Subcontratos Instalaciones Hidraulicas,663,1
1164,Subcontrato de movimiento de tierras,327,1
1165,Otros subcontratos,1565,8
1166,Subcontrato de pintura,695,9
1167,Subcontrato de ventaneria,822,13
1168,Escuadra,1244,5
1169,Chalecos Reflectivos,757,15
1170,Casco,297,11
1171,Lentes,720,7
1172,Otros productos de seguridad ocupacional,208,13
1173,Playera,150,11
1174,Sika Dur Hi Mod Gel 31,1587,21
1175,Sika Sur Hi Mod Primer 32,1215,21
1176,Sika Top 144,443,2
1177,Sikaflex 1A,1158,18
1178,Sikament 100,769,6
1179,Selecto,1794,16
1180,Espiga,738,13
1181,Estapula Mecanica,459,10
1182,Sierra Circular,482,9
1183,Sierra Ingleteadora,1074,6
1184,Serrucho,243,1
1185,Servicio de Agua,1169,3
1186,Servicio de Energia Electrica,1326,2
1187,Servicio de Internet,1070,10
1188,Servicios de atencion medica,1325,20
1189,Otros Servicios de infraestructura (no honorarios),1454,12
1190,Servicio de Seguridad,678,15
1191,Servicio de telefonia fija,1582,11
1192,Servicio de Telefonia Movil y Radios,745,11
1193,Suscripciones y Cuotas,602,7
1194,Switch 3 Way,291,6
1195,Tubo BX LT,804,4
1196,Tubo de Concreto,1205,11
1197,Tubo EMT Galvanizado,1164,2
1198,Tubo Electrico PVC,1182,4
1199,Tubo Estructural Cuadrado,1376,17
1200,Tablero General Electric,768,4
1201,Taco Plastico Anaranjado,547,11
1202,TEE HG,1779,7
1203,Tomacorriente,1661,5
1204,Tonel,638,2
1205,Tiner,617,7
1206,Tapa,915,19
1207,Tope de Parqueo,1669,13
1208,Tapadera Cuadrada,688,12
1209,Tapon Hembra,299,2
1210,Tapon Macho HG,620,9
1211,Tarugo,1070,11
1212,Atornillador de Tablaroca,327,1
1213,Trapeador,1625,10
1214,Cubeta,234,19
1215,Cedazo,951,19
1216,Lija,567,7
1217,Manguera,1689,4
1218,Nylon,1558,5
1219,Varios Materiales de Construccion,528,7
1220,Tornillos y Pernos Simples,1387,14
1221,Waype,1200,7
1222,Viaticos - Alimentos,290,21
1223,Viaticos - Hospedaje,1473,11
1224,Viaticos - Otros Gastos,1562,2
1225,Pasaje Aereo,1447,21
1226,Pasaje Terrestre,781,4
1227,Viaticos - Transporte,228,12
1228,Vuelta PVC,870,12
1229,Valvula de Compuerta Red&White,280,12
1230,Valvula de Retencion,625,19
1231,Venta de Vehiculos,789,6
1232,Varilla Roscada 3/8 de 3 Metros Lineales,1733,2
1233,Varilla de Cobre,1028,17
1234,"Servicios Profesionales de Arquitectura, Diseño y Planos",459,7
1235,Venta Arrendamiento de Inmuebles,274,9
1236,Servicios Profesionales de Calculo Estructural,557,19
1237,Servicios Profesionales de Ingenieria Civil,1548,19
1238,Inmuebles para la Venta,545,16
1239,Materiales de Construccion (Venta),1330,13
1240,Servicios Administrativos,828,19
1241,Oxigeno,1241,9
1242,Extintores tipo ABC,494,7
1243,*medici*,497,19
1244,Otros materiales de construccion (Acabados),531,11
1245,Puerta,1766,8
1246,Piso,1487,11
1247,"Alambre de Amarre, Cal.26 BWG",1236,18
1248,Electromalla,929,21
1249,Clavo para Lamina,1765,5
1250,Clavo para madera,202,13
1251,Cafeteria y Despensa,644,4
1252,Capacitacion y Entrenamiento al Personal,1632,7
1253,Fianza,579,16
1254,Implementos y Productos de Limpieza e Higiene,1025,5
1255,Impresion y Reproduccion de Planos,1501,8
1256,Otros gastos administrativos,1495,10
1257,Publicidad y Propaganda,973,8
1258,Papeleria y utiles,1408,9
1259,Seguro,772,9
1260,Activo Fijo: Equipo de Oficina,428,17
1261,Activo Fijo: Equipo de Computacion,827,20
1262,Activo Fijo: Equipo de Construccion,976,19
1263,Activo Fijo: Inmueble,977,11
1264,Activo Fijo: Mobiliario,1196,3
1265,Activo Fijo: Maquinaria,808,11
1266,Activo Fijo: Otros,638,13
1267,Activo Fijo: Software,1288,2
1268,Activo Fijo: Terreno,853,7
1269,Activo Fijo: Vehiculos,181,6
1270,Cal Hidratada,1641,3
1271,Cemento Portland,279,9
1272,Arena,271,4
1273,Otros agregados,399,4
1274,Piedrin,873,1
1275,Alquiler de amoladora pequeña,960,6
1276,Alquiler de andamios,800,2
1277,Alquiler de bomba de agua,1134,6
1278,Alquiler de baño portatil,1078,17
1279,Alquiler de Barreno,1287,7
1280,Alquiler de concretera,1224,8
1281,Alquiler de cortadora para concreto,317,15
1282,Arrendamiento de Equipo de Computacion y Comunicacion,294,15
1283,Arrendamiento de Equipo de Oficina,1101,9
1284,Alquiler de Formaleta,1042,8
1285,Arrendamiento de Inmuebles,1540,15
1286,Alquiler de minicargador,1533,5
1287,Otros Arrendamientos (costo),1005,19
1288,Alquiler de puntales metalicos,1450,7
1289,Alquiler de rodo tripulado,379,17
1290,Alquiler de retroexcavadora,297,12
1291,Alquiler de Vibrocompactador,1401,1
1292,Alquiler de vibrador electrico,170,19
1293,Alquiler de vibrador de gasolina,236,8
1294,Arrendamiento de Vehiculos,1214,2
1295,Accesorios de Baños,435,12
1296,Accesorios de Cocina,854,4
1297,Bidet,1469,17
1298,Bañera,693,12
1299,Inodoro,675,17
1300,Lavamanos,1675,11
1301,Lavaplatos,1238,9
1302,Block 25Kg,1018,7
1303,Block 35 Kg,1585,20
1304,Block 50Kg,721,19
1305,Block 70kg,611,18
1306,Bolsa de Sika Grout,1787,5
1307,Broca,1484,17
1308,Barreno,1562,21
1309,Abrazadera para Cielo,1682,10
1310,Botas de Punta de Acero,1412,21
1311,Cable Triplex,419,7
1312,Cable XHHW,952,12
1313,Codo HG,621,7
1314,Cedazo de Gallinero,263,14
1315,Chapeta,222,8
1316,Caja Cuadrada,593,15
1317,Cable THHN,419,4
1318,Diesel - Maquinaria y Equipo,1153,7
1319,Diesel - Admnistrativo,1387,1
1320,Gasolina Regular - Maquinaria y Equipo,1008,18
1321,Gasolina Regular - Administrativo,1730,21
1322,Gasolina Super - Maquinaria y Equipo,767,21
1323,Gasolina Super - Administrativo,994,15
1324,Calentador Titan,1500,4
1325,Caiman,1382,4
1326,Cono Reflexivo,1500,21
1327,Conector BX LT,205,2
1328,Candado Yale,1119,18
1329,Cinta de Ductape,1400,20
1330,Cinta de Precaucion Amarilla,1611,6
1331,Cinta de Teflon,799,20
1332,Conector PVC,1214,6
1333,Contrallave a la Pared,489,4
1334,Concreto de Bajo Asentamiento,866,21
1335,Despacho de concreto con bomba (BLOQUEADO),1624,17
1336,Colocacion de Concreto con Bomba (m3),1773,2
1337,Colocacion de Concreto (m2),806,7
1338,Colocacion de Concreto con Pluma (m3),1747,11
1339,Concreto Convencional,1498,3
1340,Corte de Concreto,501,14
1341,Descuento Concreto,1403,3
1342,Laboratorio Resistencia a la compresion (ASTM C39),1421,7
1343,Capa Impermeable tipo Poncho,1448,15
1344,Copla,1332,20
1345,Cepillo para Carpintero,1078,15
1346,Acril Techo 5 Años,1344,7
1347,Acetileno,1621,11
1348,Extractor de Olor,879,7
1349,Adoquin,464,8
1350,Disco de Diamante,874,8
1351,Descuento,1012,15
1352,Desarmador de Carga Automatica 9 Puntas,875,5
1353,Otros materiales electricos,1445,8
1354,Flip-on,1594,17
1355,Flexometro Superlock,508,6
1356,Formones,963,5
1357,Grifo,591,19
1358,Griferia de Bidet,885,9
1359,Griferia de Bañera,601,17
1360,Griferia de Cocina,616,17
1361,Griferia de Ducha,721,2
1362,Griferia de Lavamanos,1297,14
1363,Hierro Grado 40L,970,15
1364,Hierro Grado 60L,756,12
1365,Hierro Liso,1459,18
1366,Honorarios de Abogacia y Notariado,194,5
1367,Honorarios por servicios administrativos,1462,17
1368,Honorarios de Auditoria,965,7
1369,Honorarios de Arquitectura,412,16
1370,Honorarios de Auxiliatura,580,14
1371,Honorarios de Calculo Estructural,1583,13
1372,Honorarios de Gerencia,1797,5
1373,,1523,18
1374,Honorarios de Planificacion,814,9
1375,Honorarios de Superintendencia,1599,2
1376,Honorarios de Supervision de Especialistas,1224,1
1377,Almadana,188,17
1378,Azadon,1759,6
1379,Barreta,185,11
1380,Bascula,1218,6
1381,Cabo,992,9
1382,Cinta Metrica,1620,9
1383,Carretilla de Mano,166,9
1384,Grifa,751,19
1385,Metro,1512,16
1386,Nivel de Burbuja,898,1
1387,Otras herramientas de mano,1151,14
1388,Piocha,1319,9
1389,Pala,1259,13
1390,Juego de Brocas,250,17
1391,Juego para instalar Cerraduras 5 piezas,815,5
1392,Electrodo,408,19
1393,Lamina Galvanizada,1140,10
1394,Lamina Negra,1144,11
1395,"Paral 3""x3""",763,4
1396,"Paral 3""x4""",1546,15
1397,"Paral 4""x4""",706,12
1398,"Regla de 2"" x 3""",1109,5
1399,"Tabla 1"" x 12""",1027,18
1400,"Tablon 2"" x 12""",1792,10
1401,"Tabloncillo 1 1/2"" x 12""",424,15
1402,Otros materiales de construccion (Obra Gris),1416,14
1403,Bolsa de Concreto,398,20
1404,Bolsa para Levantado,588,14
1405,Bolsa de Mezclon,1668,11
1406,Bolsa de Repello,821,16
1407,Amoladora,1550,17
1408,Manguera de Abasto,1431,12
1409,Manometro de Cliserina,1264,7
1410,Mantenimiento de Equipo de Computacion y Comunicacion,392,2
1411,Mantenimiento de Equipo de Oficina,1703,9
1412,Mantenimiento de Inmuebles,759,18
1413,Mantenimiento de Maquinaria y Equipo,714,19
1414,Mantenimiento de Software,494,19
1415,Mantenimiento de Vehiculos,764,12
1416,MO: Albañileria (acabados),1526,18
1417,MO:Instalaciones Electricas,1515,16
1418,Mano de Obra otros,664,17
1419,Mano de obra plomeria,1627,20
1420,Mano Obra: Instalacion de Puertas,1697,14
1421,Mano Obra: Instalacion de Pisos,340,15
1422,Martillo Pulido de uña curva,640,21
1423,Mascarillas,1043,7
1424,Union Universal,926,4
1425,Niple HG,1713,21
1426,Nivel Torpedo Magnetico,1282,6
1427,Abastecimiento de Agua en Cisterna,1682,20
1428,Flete,1375,18
1429,Medicina,1399,2
1430,Peaje,1509,11
1431,Tickets de Parqueo,1305,3
1432,Otros (Especificar cuenta contable),1394,21
1433,Piedrin,464,4
1434,Placa sencilla,1571,17
1435,Planchas,570,2
1436,Plancha Tabla yeso,1119,19
1437,Plancha Plywood Fenolico,180,9
1438,Pendulo,918,21
1439,Puente para 3 modulos Matix,1540,4
1440,Pintura,931,11
1441,Pinza de Presion Tipo C,1242,13
1442,Postes,1105,1
1443,Adaptador Hembra PVC APyR D2466,628,20
1444,Adaptador Macho PVC APyR D2466,1492,8
1445,Adaptador Macho CPVC APyR D2846,1401,13
1446,Codo PVC 45° APyR D2466,779,21
1447,Codo CPVC 45° APyR D2846,501,5
1448,Codo PVC 90° APyR D2466,1073,10
1449,Codo CPVC 90° APyR D2846,1602,16
1450,Copla CPVC APyR D2846,1360,17
1451,Cruz PVC APyR D2466,1683,10
1452,Reduccion PVC APyR D2466,351,7
1453,Reduccion CPVC APyR D2846,1291,2
1454,Tee PVC APyR D2466,1695,7
1455,Tee CPVC APyR D2846,675,18
1456,Tapon Hembra CPVC APyR D2846,876,13
1457,Tapon Hembra PVC APyR D2466,1380,14
1458,Tapon Macho PVC APyR D2466,1521,2
1459,Union PVC APyR D2466,979,20
1460,Codo PVC45° DWV (Drenaje),1721,5
1461,Codo PVC90° DWV (Drenaje),1244,7
1462,Conector Conduit PVC Ducto electrico,524,21
1463,PVC-DE-CRVA,1790,8
1464,Tubo PVC Ducto electrico,163,6
1465,Union PVC Ducto electrico,196,21
1466,Sifon Terminal PVC DWV (Drenaje),1759,16
1467,Yee PVC (Drenaje - pared delgada),793,21
1468,PVC (Tuberia y Accesorios en General),662,9
1469,Pegamento para PVC,322,7
1470,Pegamento CPVC,607,2
1471,Tubo PVC APyR J/C D2241,480,9
1472,Tubo CPVC SDR 11 D2846,695,2
1473,Otros productos quimicos / solventes,1618,20
1474,,1565,5
1475,,1518,3
1476,Reducidor Bushing HG,614,15
1477,Roldanas,616,1
1478,Rollo de Geotextil,835,3
1479,Rotomarillo,444,16
1480,Escoba,1352,17
1481,Subcontrato de herreria,900,20
1482,SC: Instalaciones Electricas,227,6
1483,Subcontrato de instalaciones especiales,1759,14
1484,Subcontratos Instalaciones Hidraulicas,1797,8
1485,Subcontrato de movimiento de tierras,1140,5
1486,Otros subcontratos,1548,1
1487,Subcontrato de pintura,1097,8
1488,Subcontrato de ventaneria,1221,6
1489,Escuadra,498,10
1490,Chalecos Reflectivos,222,6
1491,Casco,355,19
1492,Lentes,987,9
1493,Otros productos de seguridad ocupacional,1403,4
1494,Playera,737,14
1495,Sika Dur Hi Mod Gel 31,1343,1
1496,Sika Sur Hi Mod Primer 32,1424,12
1497,Sika Top 144,1753,21
1498,Sikaflex 1A,342,13
1499,Sikament 100,175,8
1500,Selecto,1533,2
1501,Espiga,1697,4
1502,Estapula Mecanica,336,6
1503,Sierra Circular,905,16
1504,Sierra Ingleteadora,213,16
1505,Serrucho,1485,4
1506,Servicio de Agua,628,21
1507,Servicio de Energia Electrica,580,10
1508,Servicio de Internet,690,6
1509,Servicios de atencion medica,1566,5
1510,Otros Servicios de infraestructura (no honorarios),1619,8
1511,Servicio de Seguridad,1413,21
1512,Servicio de telefonia fija,694,19
1513,Servicio de Telefonia Movil y Radios,978,12
1514,Suscripciones y Cuotas,1361,11
1515,Switch 3 Way,901,15
1516,Tubo BX LT,1791,8
1517,Tubo de Concreto,1520,17
1518,Tubo Electrico PVC,1264,9
1519,Tubo Estructural Cuadrado,675,13
1520,Taco Plastico Anaranjado,1315,8
1521,TEE HG,1006,18
1522,Tomacorriente,1184,19
1523,Tonel,1105,7
1524,Tiner,677,20
1525,Tope de Parqueo,956,20
1526,Tapadera Cuadrada,592,15
1527,Tapon Hembra,1339,13
1528,Tapon Macho HG,1163,17
1529,Tarugo,1155,20
1530,Atornillador de Tablaroca,1337,15
1531,Trapeador,1658,6
1532,Cubeta,374,8
1533,Cedazo,1286,9
1534,Lija,974,21
1535,Manguera,1209,16
1536,Nylon,1532,21
1537,Varios Materiales de Construccion,988,17
1538,Tornillos y Pernos Simples,394,1
1539,Waype,925,10
1540,Viaticos - Alimentos,1696,18
1541,Viaticos - Hospedaje,304,19
1542,Viaticos - Otros Gastos,1488,7
1543,Pasaje Aereo,195,15
1544,Pasaje Terrestre,1371,7
1545,Viaticos - Transporte,1362,21
1546,Vuelta PVC,655,8
1547,Valvula de Compuerta Red&White,1035,7
1548,Valvula de Retencion,1179,8
1549,Varilla Roscada 3/8 de 3 Metros Lineales,545,12
1550,"Servicios Profesionales de Arquitectura, Diseño y Planos",1744,12
1551,Venta Arrendamiento de Inmuebles,478,12
1552,Servicios Profesionales de Calculo Estructural,189,9
1553,Servicios Profesionales de Ingenieria Civil,1126,4
1554,Inmuebles para la Venta,197,19
1555,Materiales de Construccion (Venta),1120,9
1556,Servicios Administrativos,686,11
1557,Oxigeno,1738,3
1558,Extintores tipo ABC,1396,1
1559,*medici*,164,4
